{
    "loss": 201.7504425048828,
    "accuracy": 0.4313725531101227
}